request_id,amount_safe_to_pay,affordability_status,recommended_payment_method,payment_plan,earliest_date_for_full_payment,spending_changes_needed,decision_explanation
request_26,15656000,affordable_now,full_payment,2025-08-03:15656000,2025-08-03,none,Pay IDR 15656000 in full on 2025-08-03. This keeps the balance at or above the required minimum throughout the 90-day forecast.
request_27,6670,affordable_now,full_payment,2026-07-05:6670,2026-07-05,none,"Your purchase of ZAR 6670 is affordable now, and you can make the full payment of ZAR 6670 on the earliest date of 2026‑07‑05, with no spending changes needed."
request_28,296.05,affordable_later,wait,2024-08-15:1302.4,2024-08-15,none,Wait until 2024-08-15 to pay the full amount. Paying today would break the required minimum balance within the 90-day forecast.
request_29,51524,affordable_now,full_payment,2025-11-04:51524,2025-11-04,none,Pay ZAR 51524 in full on 2025-11-04. This keeps the balance at or above the required minimum throughout the 90-day forecast.
request_30,775.2,affordable_with_plan,installments,2026-04-06:268.74|2026-05-06:268.74|2026-06-05:268.74,2026-04-06,none,"Use the 3-instalment plan starting 2026-04-06, matching the supplied payment option. This is the safest way to complete the request without breaking the minimum balance."
request_31,2982353.93,affordable_later,wait,2024-09-15:18164000,2024-09-15,none,Wait until 2024-09-15 to pay the full amount. Paying today would break the required minimum balance within the 90-day forecast.
request_32,11883.17,not_affordable,not_recommended,none,,none,The full request cannot be completed safely within the 90-day forecast given current commitments and preferences.
request_33,37066.61,not_affordable,not_recommended,none,,none,The full request cannot be completed safely within the 90-day forecast given current commitments and preferences.
request_34,129400,affordable_now,full_payment,2024-12-04:129400,2024-12-04,none,Pay INR 129400 in full on 2024-12-04. This keeps the balance at or above the required minimum throughout the 90-day forecast.
request_35,23664.39,affordable_later,wait,2026-01-15:212000,2026-01-15,none,Wait until 2026-01-15 to pay the full amount. Paying today would break the required minimum balance within the 90-day forecast.
request_36,570.02,affordable_later,wait,2026-09-15:3954,2026-09-15,none,Wait until 2026-09-15 to pay the full amount. Paying today would break the required minimum balance within the 90-day forecast.
request_37,3829276.95,not_affordable,not_recommended,none,,none,The full request cannot be completed safely within the 90-day forecast given current commitments and preferences.
request_38,164.68,affordable_later,wait,2025-10-15:971.3,2025-10-15,none,Wait until 2025-10-15 to pay the full amount. Paying today would break the required minimum balance within the 90-day forecast.
request_39,50062.33,affordable_later,wait,2026-04-15:208600,2026-04-15,none,Wait until 2026-04-15 to pay the full amount. Paying today would break the required minimum balance within the 90-day forecast.
request_40,317.7,not_affordable,not_recommended,none,,none,The full request cannot be completed safely within the 90-day forecast given current commitments and preferences.
request_41,8321605.02,affordable_later,wait,2025-11-15:38760000,2025-11-15,none,Wait until 2025-11-15 to pay the full amount. Paying today would break the required minimum balance within the 90-day forecast.
request_42,52100,affordable_now,full_payment,2026-01-05:52100,2026-01-05,none,Pay INR 52100 in full on 2026-01-05. This keeps the balance at or above the required minimum throughout the 90-day forecast.
request_43,7741292.31,affordable_later,wait,2024-11-15:43339000,2024-11-15,none,Wait until 2024-11-15 to pay the full amount. Paying today would break the required minimum balance within the 90-day forecast.
request_44,27565.73,not_affordable,not_recommended,none,,none,The full request cannot be completed safely within the 90-day forecast given current commitments and preferences.
request_45,3618899.88,affordable_later,wait,2026-09-15:21983000,2026-09-15,none,Wait until 2026-09-15 to pay the full amount. Paying today would break the required minimum balance within the 90-day forecast.
request_46,34696.11,affordable_with_plan,partial_payment,2024-12-03:34696.11|2024-12-15:14753.89,2024-12-15,none,"Pay INR 34696.11 on 2024-12-03, then the remaining INR 14753.89 on 2024-12-15. Paying the full amount today is not safe, but this schedule completes it without breaking the minimum balance."
request_47,38114000,affordable_now,full_payment,2025-05-05:38114000,2025-05-05,none,Pay IDR 38114000 in full on 2025-05-05. This keeps the balance at or above the required minimum throughout the 90-day forecast.
request_48,45700,affordable_now,full_payment,2026-07-25:45700,2026-07-25,none,Pay INR 45700 in full on 2026-07-25. This keeps the balance at or above the required minimum throughout the 90-day forecast.
request_49,11605964.25,not_affordable,not_recommended,none,2024-05-15,none,"Your travel request for IDR 34,330,000 is not affordable; you can safely pay up to IDR 11,605,964.25, with the earliest full payment date being 2024-05-15, and no payment plan is recommended."
request_50,43900,affordable_now,full_payment,2025-08-06:43900,2025-08-06,none,Pay INR 43900 in full on 2025-08-06. This keeps the balance at or above the required minimum throughout the 90-day forecast.
request_51,2191000,affordable_now,full_payment,2026-01-03:2191000,2026-01-03,none,Pay IDR 2191000 in full on 2026-01-03. This keeps the balance at or above the required minimum throughout the 90-day forecast.
request_52,17804.85,affordable_later,wait,2024-06-15:28870,2024-06-15,none,Wait until 2024-06-15 to pay the full amount. Paying today would break the required minimum balance within the 90-day forecast.
request_53,645.54,not_affordable,not_recommended,none,2026-01-15,none,The full request cannot be completed safely within the 90-day forecast given current commitments and preferences.
request_54,2478.76,not_affordable,not_recommended,none,,none,The full request cannot be completed safely within the 90-day forecast given current commitments and preferences.
request_55,123536.42,not_affordable,not_recommended,none,2026-08-15,none,The full request cannot be completed safely within the 90-day forecast given current commitments and preferences.
request_56,545.39,affordable_with_plan,partial_payment,2025-02-03:545.39|2025-02-15:336.17,2025-02-15,none,"Pay USD 545.39 on 2025-02-03, then the remaining USD 336.17 on 2025-02-15. Paying the full amount today is not safe, but this schedule completes it without breaking the minimum balance."
request_57,10875.73,affordable_later,wait,2026-06-15:61446,2026-06-15,none,Wait until 2026-06-15 to pay the full amount. Paying today would break the required minimum balance within the 90-day forecast.
request_58,16226000,affordable_now,full_payment,2024-12-07:16226000,2024-12-07,none,Pay IDR 16226000 in full on 2024-12-07. This keeps the balance at or above the required minimum throughout the 90-day forecast.
request_59,140600,affordable_with_plan,installments,2025-05-07:48741.33|2025-06-04:48741.33|2025-07-02:48741.33,2025-05-04,none,"Use the 3-instalment plan starting 2025-05-07, matching the supplied payment option. This is the safest way to complete the request without breaking the minimum balance."
request_60,0,not_affordable,not_recommended,none,,none,The full request cannot be completed safely within the 90-day forecast given current commitments and preferences.
request_61,29062,affordable_with_plan,installments,2024-03-17:10074.83|2024-04-17:10074.83|2024-05-18:10074.83,2024-03-03,none,"Use the 3-instalment plan starting 2024-03-17, matching the supplied payment option. This is the safest way to complete the request without breaking the minimum balance."
request_62,404.23,affordable_now,full_payment,2025-08-05:404.23,2025-08-05,none,Pay USD 404.23 in full on 2025-08-05. This keeps the balance at or above the required minimum throughout the 90-day forecast.
request_63,34351.18,affordable_with_plan,partial_payment,2026-07-07:34351.18|2026-09-15:309548.82,2026-09-15,none,"Pay INR 34351.18 on 2026-07-07, then the remaining INR 309548.82 on 2026-09-15. Paying the full amount today is not safe, but this schedule completes it without breaking the minimum balance."
request_64,0,not_affordable,not_recommended,none,,none,The full request cannot be completed safely within the 90-day forecast given current commitments and preferences.
request_65,5334.28,not_affordable,not_recommended,none,,none,The full request cannot be completed safely within the 90-day forecast given current commitments and preferences.
request_66,22200,affordable_now,full_payment,2026-04-03:22200,2026-04-03,none,Pay INR 22200 in full on 2026-04-03. This keeps the balance at or above the required minimum throughout the 90-day forecast.
request_67,378.58,affordable_later,wait,2024-09-15:2094,2024-09-15,none,Wait until 2024-09-15 to pay the full amount. Paying today would break the required minimum balance within the 90-day forecast.
request_68,1412.64,affordable_with_plan,installments,2025-02-14:725.09|2025-03-14:725.09|2025-04-11:725.09,2025-03-15,none,"Use the 3-instalment plan starting 2025-02-14, matching the supplied payment option. This is the safest way to complete the request without breaking the minimum balance."
request_69,524.94,affordable_with_plan,full_payment,2026-01-04:529.1,2026-01-15,reduce_to:event_6407:16.4,Pay EUR 529.1 in full on 2026-01-04. This keeps the balance at or above the required minimum throughout the 90-day forecast.
request_70,46235.95,affordable_later,wait,2025-02-15:243900,2025-02-15,none,Wait until 2025-02-15 to pay the full amount. Paying today would break the required minimum balance within the 90-day forecast.
request_71,0,not_affordable,not_recommended,none,,none,"Based on your request for IDR 21,451,000 to be completed by 2025-05-28, the affordability assessment determined it is not affordable, with a safe payment amount of IDR 0.00 and no viable payment plan within the next 90 days."
request_72,11330,affordable_now,full_payment,2026-07-05:11330,2026-07-05,none,Pay ZAR 11330 in full on 2026-07-05. This keeps the balance at or above the required minimum throughout the 90-day forecast.
request_73,71400,affordable_now,full_payment,2023-01-20:71400,2023-01-20,none,Pay INR 71400 in full on 2023-01-20. This keeps the balance at or above the required minimum throughout the 90-day forecast.
request_74,5010,affordable_now,full_payment,2025-08-04:5010,2025-08-04,none,Pay ZAR 5010 in full on 2025-08-04. This keeps the balance at or above the required minimum throughout the 90-day forecast.
request_75,28270,affordable_with_plan,installments,2026-04-09:9800.27|2026-05-09:9800.27|2026-06-08:9800.27,2026-04-06,none,"Use the 3-instalment plan starting 2026-04-09, matching the supplied payment option. This is the safest way to complete the request without breaking the minimum balance."
request_76,3969.17,not_affordable,not_recommended,none,2024-06-13,none,The full request cannot be completed safely within the 90-day forecast given current commitments and preferences.
request_77,60700,affordable_now,full_payment,2025-11-05:60700,2025-11-05,none,Pay INR 60700 in full on 2025-11-05. This keeps the balance at or above the required minimum throughout the 90-day forecast.
request_78,47188.01,affordable_with_plan,full_payment,2025-10-02:50200,2025-10-15,reduce_to:event_7225:1480|stop:event_7224,Pay INR 50200 in full on 2025-10-02. This keeps the balance at or above the required minimum throughout the 90-day forecast.
request_79,268.94,not_affordable,not_recommended,none,2024-11-15,none,The full request cannot be completed safely within the 90-day forecast given current commitments and preferences.
request_80,121339.01,not_affordable,not_recommended,none,2025-02-13,none,The full request cannot be completed safely within the 90-day forecast given current commitments and preferences.
request_81,2076,affordable_now,full_payment,2026-07-03:2076,2026-07-03,none,Pay USD 2076 in full on 2026-07-03. This keeps the balance at or above the required minimum throughout the 90-day forecast.
request_82,313.55,affordable_later,wait,2025-01-15:1405.2,2025-01-15,none,Wait until 2025-01-15 to pay the full amount. Paying today would break the required minimum balance within the 90-day forecast.
request_83,4279.12,not_affordable,not_recommended,none,2025-06-14,none,The full request cannot be completed safely within the 90-day forecast given current commitments and preferences.
request_84,20128.58,affordable_later,wait,2026-06-15:95400,2026-06-15,none,Wait until 2026-06-15 to pay the full amount. Paying today would break the required minimum balance within the 90-day forecast.
request_85,511030.24,not_affordable,not_recommended,none,,none,The full request cannot be completed safely within the 90-day forecast given current commitments and preferences.
request_86,46300,affordable_now,full_payment,2025-08-03:46300,2025-08-03,none,Pay INR 46300 in full on 2025-08-03. This keeps the balance at or above the required minimum throughout the 90-day forecast.
request_87,24256.54,affordable_later,wait,2026-02-13:487900,2026-02-13,none,Wait until 2026-02-13 to pay the full amount. Paying today would break the required minimum balance within the 90-day forecast.
request_88,9810.26,affordable_with_plan,installments,2024-06-14:9045.23|2024-07-15:9045.23|2024-08-15:9045.23,2024-07-15,none,"Use the 3-instalment plan starting 2024-06-14, matching the supplied payment option. This is the safest way to complete the request without breaking the minimum balance."
request_89,8927838.2,affordable_with_plan,installments,2025-11-18:4768746.67|2025-12-16:4768746.67|2026-01-13:4768746.67,2025-11-15,none,"Use the 3-instalment plan starting 2025-11-18, matching the supplied payment option. This is the safest way to complete the request without breaking the minimum balance."
request_90,2560,affordable_now,full_payment,2026-07-06:2560,2026-07-06,none,Pay ZAR 2560 in full on 2026-07-06. This keeps the balance at or above the required minimum throughout the 90-day forecast.
request_91,339.92,affordable_later,wait,2024-11-15:1927.2,2024-11-15,none,Wait until 2024-11-15 to pay the full amount. Paying today would break the required minimum balance within the 90-day forecast.
request_92,34034,affordable_now,full_payment,2025-02-05:34034,2025-02-05,none,Pay ZAR 34034 in full on 2025-02-05. This keeps the balance at or above the required minimum throughout the 90-day forecast.
request_93,1729.2,affordable_now,full_payment,2026-04-07:1729.2,2026-04-07,none,Pay USD 1729.2 in full on 2026-04-07. This keeps the balance at or above the required minimum throughout the 90-day forecast.
request_94,572,affordable_now,full_payment,2024-12-04:572,2024-12-04,none,"Your housing request for EUR 572 is affordable now, and you can make the full payment of EUR 572 on the earliest date, 2024‑12‑04, with no spending changes needed."
request_95,41589.46,not_affordable,not_recommended,none,,none,The full request cannot be completed safely within the 90-day forecast given current commitments and preferences.
request_96,74181.31,affordable_with_plan,installments,2026-01-10:31269.33|2026-02-09:31269.33|2026-03-11:31269.33,2026-01-15,none,"Use the 3-instalment plan starting 2026-01-10, matching the supplied payment option. This is the safest way to complete the request without breaking the minimum balance."
request_97,757.59,affordable_with_plan,installments,2024-03-19:8145.28|2024-04-19:8145.28|2024-05-20:8145.28,2024-03-15,none,"Use the 3-instalment plan starting 2024-03-19, matching the supplied payment option. This is the safest way to complete the request without breaking the minimum balance."
request_98,0,not_affordable,not_recommended,none,,none,The full request cannot be completed safely within the 90-day forecast given current commitments and preferences.
request_99,16703.34,affordable_later,wait,2026-07-15:18062,2026-07-15,none,Wait until 2026-07-15 to pay the full amount. Paying today would break the required minimum balance within the 90-day forecast.
request_100,24212.64,affordable_with_plan,installments,2024-06-13:12866.19|2024-07-14:12866.19|2024-08-14:12866.19,2024-06-15,none,"Use the 3-instalment plan starting 2024-06-13, matching the supplied payment option. This is the safest way to complete the request without breaking the minimum balance."
request_101,143500,affordable_now,full_payment,2025-11-03:143500,2025-11-03,none,Pay INR 143500 in full on 2025-11-03. This keeps the balance at or above the required minimum throughout the 90-day forecast.
request_102,1716,affordable_with_plan,installments,2026-04-05:594.88|2026-05-05:594.88|2026-06-04:594.88,2026-04-05,none,"Use the 3-instalment plan starting 2026-04-05, matching the supplied payment option. This is the safest way to complete the request without breaking the minimum balance."
request_103,3894.13,not_affordable,not_recommended,none,,none,The full request cannot be completed safely within the 90-day forecast given current commitments and preferences.
request_104,17204,affordable_now,full_payment,2025-02-04:17204,2025-02-04,none,Pay ZAR 17204 in full on 2025-02-04. This keeps the balance at or above the required minimum throughout the 90-day forecast.
request_105,51471.19,affordable_with_plan,full_payment,2026-06-08:53500,2026-06-15,reduce_to:event_9720:1632,Pay INR 53500 in full on 2026-06-08. This keeps the balance at or above the required minimum throughout the 90-day forecast.
request_106,423.87,affordable_later,wait,2025-02-15:2207.7,2025-02-15,none,Wait until 2025-02-15 to pay the full amount. Paying today would break the required minimum balance within the 90-day forecast.
request_107,0,not_affordable,not_recommended,none,,none,The full request cannot be completed safely within the 90-day forecast given current commitments and preferences.
request_108,2165.89,affordable_later,wait,2026-07-24:55308,2026-07-24,none,Wait until 2026-07-24 to pay the full amount. Paying today would break the required minimum balance within the 90-day forecast.
request_109,515.65,affordable_with_plan,installments,2024-03-18:645.98|2024-04-18:645.98|2024-05-19:645.98,2024-03-15,none,"Use the 3-instalment plan starting 2024-03-18, matching the supplied payment option. This is the safest way to complete the request without breaking the minimum balance."
request_110,22352,affordable_with_plan,installments,2025-08-06:7748.69|2025-09-03:7748.69|2025-10-01:7748.69,2025-08-06,none,"Use the 3-instalment plan starting 2025-08-06, matching the supplied payment option. This is the safest way to complete the request without breaking the minimum balance."
request_111,16625000,affordable_now,full_payment,2026-04-03:16625000,2026-04-03,none,Pay IDR 16625000 in full on 2026-04-03. This keeps the balance at or above the required minimum throughout the 90-day forecast.
request_112,271.7,affordable_now,full_payment,2024-06-05:271.7,2024-06-05,none,Pay EUR 271.7 in full on 2024-06-05. This keeps the balance at or above the required minimum throughout the 90-day forecast.
request_113,21096.93,affordable_later,wait,2026-10-15:36500,2026-10-15,none,Wait until 2026-10-15 to pay the full amount. Paying today would break the required minimum balance within the 90-day forecast.
request_114,0,not_affordable,not_recommended,none,,none,The full request cannot be completed safely within the 90-day forecast given current commitments and preferences.
request_115,13185.93,affordable_later,wait,2024-11-15:80500,2024-11-15,none,Wait until 2024-11-15 to pay the full amount. Paying today would break the required minimum balance within the 90-day forecast.
request_116,11768.08,not_affordable,not_recommended,none,,none,"The requested INR 241,200 transfer cannot be afforded; only INR 11,768.08 is safe to pay and the full amount cannot be completed within the next 90 days (earliest full payment date is beyond 2025‑04‑16)."
request_117,865.13,affordable_with_plan,full_payment,2026-07-05:880,2026-07-15,stop:event_10833,Pay EUR 880 in full on 2026-07-05. This keeps the balance at or above the required minimum throughout the 90-day forecast.
request_118,673.96,not_affordable,not_recommended,none,2025-02-15,none,The full request cannot be completed safely within the 90-day forecast given current commitments and preferences.
request_119,97826.08,affordable_with_plan,installments,2025-05-18:70546.67|2025-06-15:70546.67|2025-07-13:70546.67,2025-05-15,none,"Use the 3-instalment plan starting 2025-05-18, matching the supplied payment option. This is the safest way to complete the request without breaking the minimum balance."
request_120,7714000,affordable_now,full_payment,2026-04-06:7714000,2026-04-06,none,Pay IDR 7714000 in full on 2026-04-06. This keeps the balance at or above the required minimum throughout the 90-day forecast.
request_121,633.6,affordable_now,full_payment,2024-03-03:633.6,2024-03-03,none,Pay USD 633.6 in full on 2024-03-03. This keeps the balance at or above the required minimum throughout the 90-day forecast.
request_122,20558000,affordable_with_plan,installments,2025-08-05:7126773.33|2025-09-02:7126773.33|2025-09-30:7126773.33,2025-08-05,none,"Use the 3-instalment plan starting 2025-08-05, matching the supplied payment option. This is the safest way to complete the request without breaking the minimum balance."
request_123,4076000,affordable_now,full_payment,2026-01-07:4076000,2026-01-07,none,Pay IDR 4076000 in full on 2026-01-07. This keeps the balance at or above the required minimum throughout the 90-day forecast.
request_124,1265.1,affordable_with_plan,installments,2024-06-11:1076.12|2024-07-12:1076.12|2024-08-12:1076.12,2024-06-15,none,"Use the 3-instalment plan starting 2024-06-11, matching the supplied payment option. This is the safest way to complete the request without breaking the minimum balance."
request_125,0,not_affordable,not_recommended,none,,none,The full request cannot be completed safely within the 90-day forecast given current commitments and preferences.
request_126,159600,affordable_now,full_payment,2026-07-03:159600,2026-07-03,none,Pay INR 159600 in full on 2026-07-03. This keeps the balance at or above the required minimum throughout the 90-day forecast.
request_127,11405.25,affordable_later,wait,2024-09-24:23980,2024-09-24,none,Wait until 2024-09-24 to pay the full amount. Paying today would break the required minimum balance within the 90-day forecast.
request_128,25168,affordable_now,full_payment,2025-02-07:25168,2025-02-07,none,Pay ZAR 25168 in full on 2025-02-07. This keeps the balance at or above the required minimum throughout the 90-day forecast.
request_129,75.75,not_affordable,not_recommended,none,,none,The full request cannot be completed safely within the 90-day forecast given current commitments and preferences.
request_130,506.42,affordable_later,wait,2025-02-15:1978.8,2025-02-15,none,Wait until 2025-02-15 to pay the full amount. Paying today would break the required minimum balance within the 90-day forecast.
request_131,1392.49,affordable_with_plan,installments,2025-05-06:643.14|2025-06-03:643.14|2025-07-01:643.14,2025-06-15,none,"Use the 3-instalment plan starting 2025-05-06, matching the supplied payment option. This is the safest way to complete the request without breaking the minimum balance."
request_132,0,not_affordable,not_recommended,none,,none,The full request cannot be completed safely within the 90-day forecast given current commitments and preferences.
request_133,15770000,not_affordable,not_recommended,none,2024-03-07,none,The full request cannot be completed safely within the 90-day forecast given current commitments and preferences.
request_134,4505042.07,affordable_later,wait,2025-08-15:21831000,2025-08-15,none,Wait until 2025-08-15 to pay the full amount. Paying today would break the required minimum balance within the 90-day forecast.
request_135,295.91,affordable_with_plan,full_payment,2026-07-06:304.8,2026-07-15,stop:event_12413,Pay USD 304.8 in full on 2026-07-06. This keeps the balance at or above the required minimum throughout the 90-day forecast.
request_136,536.45,affordable_with_plan,full_payment,2024-06-03:560.4,2024-06-15,reduce_to:event_12498:27.2,Pay USD 560.4 in full on 2024-06-03. This keeps the balance at or above the required minimum throughout the 90-day forecast.
request_137,22055.32,not_affordable,not_recommended,none,,none,"Based on your request to purchase INR 80,100 by 2026‑01‑15, you are not affordable and cannot safely pay more than INR 22,055.32, with no viable payment plan or date within the next 90 days."
request_138,657.8,affordable_with_plan,partial_payment,2026-04-07:657.8|2026-04-15:599.14,2026-04-15,none,"Pay EUR 657.80 on 2026-04-07, then the remaining EUR 599.14 on 2026-04-15. Paying the full amount today is not safe, but this schedule completes it without breaking the minimum balance."
request_139,1259.8,affordable_with_plan,installments,2024-09-07:802.88|2024-10-08:802.88|2024-11-08:802.88,2024-09-15,none,"Use the 3-instalment plan starting 2024-09-07, matching the supplied payment option. This is the safest way to complete the request without breaking the minimum balance."
request_140,730.8,not_affordable,not_recommended,none,,none,The full request cannot be completed safely within the 90-day forecast given current commitments and preferences.
request_141,20228.76,not_affordable,not_recommended,none,,none,The full request cannot be completed safely within the 90-day forecast given current commitments and preferences.
request_142,1263.6,affordable_now,full_payment,2024-12-05:1263.6,2024-12-05,none,Pay USD 1263.6 in full on 2024-12-05. This keeps the balance at or above the required minimum throughout the 90-day forecast.
request_143,2785.36,affordable_later,wait,2025-07-15:12584,2025-07-15,none,Wait until 2025-07-15 to pay the full amount. Paying today would break the required minimum balance within the 90-day forecast.
request_144,224.68,affordable_later,wait,2026-07-15:233.34,2026-07-15,none,Wait until 2026-07-15 to pay the full amount. Paying today would break the required minimum balance within the 90-day forecast.
request_145,0,not_affordable,not_recommended,none,,none,The full request cannot be completed safely within the 90-day forecast given current commitments and preferences.
request_146,12849.79,affordable_later,wait,2025-10-15:449400,2025-10-15,none,Wait until 2025-10-15 to pay the full amount. Paying today would break the required minimum balance within the 90-day forecast.
request_147,513.04,affordable_with_plan,installments,2026-04-08:391.63|2026-05-08:391.63|2026-06-07:391.63,2026-04-24,none,"Use the 3-instalment plan starting 2026-04-08, matching the supplied payment option. This is the safest way to complete the request without breaking the minimum balance."
request_148,7574.48,not_affordable,not_recommended,none,2024-08-15,none,The full request cannot be completed safely within the 90-day forecast given current commitments and preferences.
request_149,22687.32,affordable_with_plan,installments,2025-11-18:12706.03|2025-12-16:12706.03|2026-01-13:12706.03,2025-11-15,none,"Use the 3-instalment plan starting 2025-11-18, matching the supplied payment option. This is the safest way to complete the request without breaking the minimum balance."
request_150,0,not_affordable,not_recommended,none,,none,The full request cannot be completed safely within the 90-day forecast given current commitments and preferences.
request_151,26999000,affordable_now,full_payment,2024-09-03:26999000,2024-09-03,none,Pay IDR 26999000 in full on 2024-09-03. This keeps the balance at or above the required minimum throughout the 90-day forecast.
request_152,10755.37,not_affordable,not_recommended,none,2025-03-15,none,The full request cannot be completed safely within the 90-day forecast given current commitments and preferences.
request_153,0,not_affordable,not_recommended,none,,none,The full request cannot be completed safely within the 90-day forecast given current commitments and preferences.
request_154,1625.8,affordable_with_plan,installments,2024-12-04:563.61|2025-01-04:563.61|2025-02-04:563.61,2024-12-04,none,"Use the 3-instalment plan starting 2024-12-04, matching the supplied payment option. This is the safest way to complete the request without breaking the minimum balance."
request_155,112500,affordable_now,full_payment,2025-05-06:112500,2025-05-06,none,Pay INR 112500 in full on 2025-05-06. This keeps the balance at or above the required minimum throughout the 90-day forecast.
request_156,6844.89,affordable_later,wait,2026-06-15:43076,2026-06-15,none,Wait until 2026-06-15 to pay the full amount. Paying today would break the required minimum balance within the 90-day forecast.
request_157,3978726.88,affordable_later,wait,2024-05-15:23503000,2024-05-15,none,Wait until 2024-05-15 to pay the full amount. Paying today would break the required minimum balance within the 90-day forecast.
request_158,242600,affordable_with_plan,installments,2025-08-07:84101.33|2025-09-04:84101.33|2025-10-02:84101.33,2025-08-07,none,"Use the 3-instalment plan starting 2025-08-07, matching the supplied payment option. This is the safest way to complete the request without breaking the minimum balance."
request_159,13398,affordable_now,full_payment,2026-01-04:13398,2026-01-04,none,Pay ZAR 13398 in full on 2026-01-04. This keeps the balance at or above the required minimum throughout the 90-day forecast.
request_160,533.75,affordable_with_plan,installments,2024-06-13:432.05|2024-07-14:432.05|2024-08-14:432.05,2024-07-15,none,"Use the 3-instalment plan starting 2024-06-13, matching the supplied payment option. This is the safest way to complete the request without breaking the minimum balance."
request_161,0,not_affordable,not_recommended,none,,none,The full request cannot be completed safely within the 90-day forecast given current commitments and preferences.
request_162,1729956.92,not_affordable,not_recommended,none,,none,"Based on your request for IDR 83,923,000 by 2026‑08‑26, the affordability check shows you are not affordable, with only IDR 1,729,956.92 safe to pay and no payment plan available."
request_163,9270125.72,not_affordable,not_recommended,none,2024-11-15,none,The full request cannot be completed safely within the 90-day forecast given current commitments and preferences.
request_164,27018000,affordable_with_plan,installments,2025-02-11:9366240|2025-03-11:9366240|2025-04-08:9366240,2025-02-04,none,"Use the 3-instalment plan starting 2025-02-11, matching the supplied payment option. This is the safest way to complete the request without breaking the minimum balance."
request_165,80600,affordable_now,full_payment,2026-04-06:80600,2026-04-06,none,Pay INR 80600 in full on 2026-04-06. This keeps the balance at or above the required minimum throughout the 90-day forecast.
request_166,2907.6,affordable_with_plan,installments,2024-12-03:1007.97|2025-01-03:1007.97|2025-02-03:1007.97,2024-12-03,none,"Use the 3-instalment plan starting 2024-12-03, matching the supplied payment option. This is the safest way to complete the request without breaking the minimum balance."
request_167,43802,affordable_now,full_payment,2025-05-05:43802,2025-05-05,none,Pay ZAR 43802 in full on 2025-05-05. This keeps the balance at or above the required minimum throughout the 90-day forecast.
request_168,0,not_affordable,not_recommended,none,,none,The full request cannot be completed safely within the 90-day forecast given current commitments and preferences.
request_169,41976,affordable_now,full_payment,2024-03-04:41976,2024-03-04,none,Pay ZAR 41976 in full on 2024-03-04. This keeps the balance at or above the required minimum throughout the 90-day forecast.
request_170,32359714.46,not_affordable,not_recommended,none,2025-09-15,none,The full request cannot be completed safely within the 90-day forecast given current commitments and preferences.
request_171,21.32,not_affordable,not_recommended,none,,none,The full request cannot be completed safely within the 90-day forecast given current commitments and preferences.
request_172,8607.82,affordable_with_plan,partial_payment,2024-06-05:8607.82|2024-06-15:1592.18,2024-06-15,none,"Pay ZAR 8607.82 on 2024-06-05, then the remaining ZAR 1592.18 on 2024-06-15. Paying the full amount today is not safe, but this schedule completes it without breaking the minimum balance."
request_173,0,not_affordable,not_recommended,none,,none,The full request cannot be completed safely within the 90-day forecast given current commitments and preferences.
request_174,1146.2,affordable_with_plan,installments,2026-04-04:397.35|2026-05-04:397.35|2026-06-03:397.35,2026-04-04,none,"Use the 3-instalment plan starting 2026-04-04, matching the supplied payment option. This is the safest way to complete the request without breaking the minimum balance."
request_175,2346.3,affordable_now,full_payment,2024-09-06:2346.3,2024-09-06,none,Pay EUR 2346.3 in full on 2024-09-06. This keeps the balance at or above the required minimum throughout the 90-day forecast.
request_176,1233.92,affordable_later,wait,2025-02-13:1239.7,2025-02-13,none,Wait until 2025-02-13 to pay the full amount. Paying today would break the required minimum balance within the 90-day forecast.
request_177,0,not_affordable,not_recommended,none,,none,The full request cannot be completed safely within the 90-day forecast given current commitments and preferences.
request_178,2938.1,affordable_with_plan,installments,2024-12-07:1018.54|2025-01-07:1018.54|2025-02-07:1018.54,2024-12-07,none,"Use the 3-instalment plan starting 2024-12-07, matching the supplied payment option. This is the safest way to complete the request without breaking the minimum balance."
request_179,7309679.92,affordable_later,wait,2025-07-15:41648000,2025-07-15,none,Wait until 2025-07-15 to pay the full amount. Paying today would break the required minimum balance within the 90-day forecast.
request_180,66500,affordable_now,full_payment,2026-07-06:66500,2026-07-06,none,Pay INR 66500 in full on 2026-07-06. This keeps the balance at or above the required minimum throughout the 90-day forecast.
request_181,230.78,not_affordable,not_recommended,none,,none,The full request cannot be completed safely within the 90-day forecast given current commitments and preferences.
request_182,65714,affordable_now,full_payment,2025-08-05:65714,2025-08-05,none,"Your request to repay ZAR 65,714 is affordable now, and you can make the full payment of ZAR 65,714 on the earliest date of 2025‑08‑05, with no spending changes needed."
request_183,22623095.54,not_affordable,not_recommended,none,2026-05-15,none,The full request cannot be completed safely within the 90-day forecast given current commitments and preferences.
request_184,4261.42,not_affordable,not_recommended,none,,none,The full request cannot be completed safely within the 90-day forecast given current commitments and preferences.
request_185,332.13,affordable_later,wait,2026-01-15:1257.3,2026-01-15,none,Wait until 2026-01-15 to pay the full amount. Paying today would break the required minimum balance within the 90-day forecast.
request_186,0,not_affordable,not_recommended,none,,none,The full request cannot be completed safely within the 90-day forecast given current commitments and preferences.
request_187,34575.02,affordable_later,wait,2024-11-15:187500,2024-11-15,none,Wait until 2024-11-15 to pay the full amount. Paying today would break the required minimum balance within the 90-day forecast.
request_188,116.17,not_affordable,not_recommended,none,,none,The full request cannot be completed safely within the 90-day forecast given current commitments and preferences.
request_189,488.4,affordable_now,full_payment,2026-07-04:488.4,2026-07-04,none,Pay EUR 488.4 in full on 2026-07-04. This keeps the balance at or above the required minimum throughout the 90-day forecast.
request_190,652.62,affordable_later,wait,2024-12-15:2557.5,2024-12-15,none,Wait until 2024-12-15 to pay the full amount. Paying today would break the required minimum balance within the 90-day forecast.
request_191,664.4,affordable_now,full_payment,2025-05-03:664.4,2025-05-03,none,Pay EUR 664.4 in full on 2025-05-03. This keeps the balance at or above the required minimum throughout the 90-day forecast.
request_192,116.29,affordable_later,wait,2026-06-14:2046,2026-06-14,none,Wait until 2026-06-14 to pay the full amount. Paying today would break the required minimum balance within the 90-day forecast.
request_193,158.41,affordable_with_plan,installments,2024-03-21:420.23|2024-04-21:420.23|2024-05-22:420.23,2024-05-15,none,"Use the 3-instalment plan starting 2024-03-21, matching the supplied payment option. This is the safest way to complete the request without breaking the minimum balance."
request_194,37113.54,affordable_later,wait,2025-10-15:132800,2025-10-15,none,Wait until 2025-10-15 to pay the full amount. Paying today would break the required minimum balance within the 90-day forecast.
request_195,0,not_affordable,not_recommended,none,,none,The full request cannot be completed safely within the 90-day forecast given current commitments and preferences.
request_196,762.3,affordable_now,full_payment,2024-06-03:762.3,2024-06-03,none,Pay EUR 762.3 in full on 2024-06-03. This keeps the balance at or above the required minimum throughout the 90-day forecast.
request_197,0,not_affordable,not_recommended,none,,none,The full request cannot be completed safely within the 90-day forecast given current commitments and preferences.
request_198,185800,affordable_now,full_payment,2026-07-07:185800,2026-07-07,none,Pay INR 185800 in full on 2026-07-07. This keeps the balance at or above the required minimum throughout the 90-day forecast.
request_199,23674000,affordable_with_plan,installments,2024-09-07:8206986.67|2024-10-08:8206986.67|2024-11-08:8206986.67,2024-09-04,none,"Use the 3-instalment plan starting 2024-09-07, matching the supplied payment option. This is the safest way to complete the request without breaking the minimum balance."
request_200,21717000,affordable_now,full_payment,2025-02-06:21717000,2025-02-06,none,Pay IDR 21717000 in full on 2025-02-06. This keeps the balance at or above the required minimum throughout the 90-day forecast.
request_201,23997000,affordable_now,full_payment,2026-04-03:23997000,2026-04-03,none,Pay IDR 23997000 in full on 2026-04-03. This keeps the balance at or above the required minimum throughout the 90-day forecast.
request_202,123900,affordable_now,full_payment,2024-12-05:123900,2024-12-05,none,Pay INR 123900 in full on 2024-12-05. This keeps the balance at or above the required minimum throughout the 90-day forecast.
request_203,1442.1,affordable_with_plan,installments,2025-05-10:499.93|2025-06-07:499.93|2025-07-05:499.93,2025-05-07,none,"Use the 3-instalment plan starting 2025-05-10, matching the supplied payment option. This is the safest way to complete the request without breaking the minimum balance."
request_204,529.11,affordable_later,wait,2026-01-15:588.74,2026-01-15,none,Wait until 2026-01-15 to pay the full amount. Paying today would break the required minimum balance within the 90-day forecast.
request_205,10621000,affordable_now,full_payment,2024-03-06:10621000,2024-03-06,none,"You can fully pay the IDR 10,621,000 debt now, with the safest amount to pay being the full IDR 10,621,000 on the earliest date of 2024-03-06, requiring no spending changes."
request_206,1404.7,affordable_with_plan,installments,2025-08-03:486.96|2025-08-31:486.96|2025-09-28:486.96,2025-08-03,none,"Use the 3-instalment plan starting 2025-08-03, matching the supplied payment option. This is the safest way to complete the request without breaking the minimum balance."
request_207,4587.3,affordable_later,wait,2026-07-15:11830,2026-07-15,none,Wait until 2026-07-15 to pay the full amount. Paying today would break the required minimum balance within the 90-day forecast.
request_208,3097967.61,affordable_later,wait,2024-06-15:4413000,2024-06-15,none,Wait until 2024-06-15 to pay the full amount. Paying today would break the required minimum balance within the 90-day forecast.
request_209,1290.1,not_affordable,not_recommended,none,,none,The full request cannot be completed safely within the 90-day forecast given current commitments and preferences.
request_210,715.54,affordable_with_plan,partial_payment,2026-04-06:715.54|2026-04-15:644.48,2026-04-15,none,"Pay USD 715.54 on 2026-04-06, then the remaining USD 644.48 on 2026-04-15. Paying the full amount today is not safe, but this schedule completes it without breaking the minimum balance."
request_211,288.56,affordable_later,wait,2024-09-15:1788.6,2024-09-15,none,Wait until 2024-09-15 to pay the full amount. Paying today would break the required minimum balance within the 90-day forecast.
request_212,4939206.48,not_affordable,not_recommended,none,,none,The full request cannot be completed safely within the 90-day forecast given current commitments and preferences.
request_213,3362.4,affordable_with_plan,installments,2026-01-21:1165.63|2026-02-20:1165.63|2026-03-22:1165.63,2026-01-07,none,"Use the 3-instalment plan starting 2026-01-21, matching the supplied payment option. This is the safest way to complete the request without breaking the minimum balance."
request_214,59297.87,affordable_with_plan,partial_payment,2024-12-04:59297.87|2024-12-15:10452.13,2024-12-15,none,"Pay INR 59297.87 on 2024-12-04, then the remaining INR 10452.13 on 2024-12-15. Paying the full amount today is not safe, but this schedule completes it without breaking the minimum balance."
request_215,29986,affordable_with_plan,installments,2025-05-09:10395.15|2025-06-06:10395.15|2025-07-04:10395.15,2025-05-06,none,"Use the 3-instalment plan starting 2025-05-09, matching the supplied payment option. This is the safest way to complete the request without breaking the minimum balance."
request_216,454.28,affordable_later,wait,2026-09-15:3332.4,2026-09-15,none,Wait until 2026-09-15 to pay the full amount. Paying today would break the required minimum balance within the 90-day forecast.
request_217,18534.09,affordable_with_plan,installments,2024-03-19:12889.07|2024-04-19:12889.07|2024-05-20:12889.07,2024-03-15,none,"Use the 3-instalment plan starting 2024-03-19, matching the supplied payment option. This is the safest way to complete the request without breaking the minimum balance."
request_218,23772057.91,affordable_with_plan,installments,2025-08-07:21195893.33|2025-09-04:21195893.33|2025-10-02:21195893.33,2025-08-15,none,"Use the 3-instalment plan starting 2025-08-07, matching the supplied payment option. This is the safest way to complete the request without breaking the minimum balance."
request_219,1227.29,affordable_with_plan,installments,2026-04-07:580.01|2026-05-07:580.01|2026-06-06:580.01,2026-04-24,none,"Use the 3-instalment plan starting 2026-04-07, matching the supplied payment option. This is the safest way to complete the request without breaking the minimum balance."
request_220,39.72,not_affordable,not_recommended,none,,none,The full request cannot be completed safely within the 90-day forecast given current commitments and preferences.
request_221,109800,affordable_now,full_payment,2025-11-03:109800,2025-11-03,none,Pay INR 109800 in full on 2025-11-03. This keeps the balance at or above the required minimum throughout the 90-day forecast.
request_222,34078,affordable_now,full_payment,2026-01-05:34078,2026-01-05,none,Pay ZAR 34078 in full on 2026-01-05. This keeps the balance at or above the required minimum throughout the 90-day forecast.
request_223,898.7,affordable_now,full_payment,2024-09-07:898.7,2024-09-07,none,Pay EUR 898.7 in full on 2024-09-07. This keeps the balance at or above the required minimum throughout the 90-day forecast.
request_224,9126007.48,affordable_with_plan,partial_payment,2025-02-04:9126007.48|2025-02-15:1200992.52,2025-02-15,none,"Pay IDR 9126007.48 on 2025-02-04, then the remaining IDR 1200992.52 on 2025-02-15. Paying the full amount today is not safe, but this schedule completes it without breaking the minimum balance."
request_225,9906948.08,not_affordable,not_recommended,none,2026-09-15,none,The full request cannot be completed safely within the 90-day forecast given current commitments and preferences.
request_226,157000,affordable_now,full_payment,2024-12-03:157000,2024-12-03,none,Pay INR 157000 in full on 2024-12-03. This keeps the balance at or above the required minimum throughout the 90-day forecast.
request_227,6350.99,not_affordable,not_recommended,none,,none,The full request cannot be completed safely within the 90-day forecast given current commitments and preferences.
request_228,2118606.34,not_affordable,not_recommended,none,,none,"Based on your request for IDR 63,327,000 by 2026‑04‑30, the analysis shows you are not affordable, with only IDR 2,118,606.34 safe to pay and no feasible full‑payment option within 90 days."
request_229,401.99,not_affordable,not_recommended,none,2024-05-15,none,The full request cannot be completed safely within the 90-day forecast given current commitments and preferences.
request_230,3537.6,affordable_now,full_payment,2025-08-06:3537.6,2025-08-06,none,Pay EUR 3537.6 in full on 2025-08-06. This keeps the balance at or above the required minimum throughout the 90-day forecast.
request_231,32770.21,affordable_with_plan,installments,2026-01-06:12378.08|2026-02-05:12378.08|2026-03-07:12378.08,2026-01-15,none,"Use the 3-instalment plan starting 2026-01-06, matching the supplied payment option. This is the safest way to complete the request without breaking the minimum balance."
request_232,525.17,not_affordable,not_recommended,none,,none,The full request cannot be completed safely within the 90-day forecast given current commitments and preferences.
request_233,0,not_affordable,not_recommended,none,,none,The full request cannot be completed safely within the 90-day forecast given current commitments and preferences.
request_234,192.87,affordable_later,wait,2026-09-15:1213.3,2026-09-15,none,Wait until 2026-09-15 to pay the full amount. Paying today would break the required minimum balance within the 90-day forecast.
request_235,967.2,affordable_now,full_payment,2024-09-06:967.2,2024-09-06,none,Pay USD 967.2 in full on 2024-09-06. This keeps the balance at or above the required minimum throughout the 90-day forecast.
request_236,5271753.57,not_affordable,not_recommended,none,,none,The full request cannot be completed safely within the 90-day forecast given current commitments and preferences.
request_237,23826000,affordable_now,full_payment,2026-04-05:23826000,2026-04-05,none,Pay IDR 23826000 in full on 2026-04-05. This keeps the balance at or above the required minimum throughout the 90-day forecast.
request_238,663.6,affordable_with_plan,installments,2024-12-07:230.05|2025-01-07:230.05|2025-02-07:230.05,2024-12-07,none,"Use the 3-instalment plan starting 2024-12-07, matching the supplied payment option. This is the safest way to complete the request without breaking the minimum balance."
request_239,642,affordable_now,full_payment,2025-05-04:642,2025-05-04,none,Pay USD 642 in full on 2025-05-04. This keeps the balance at or above the required minimum throughout the 90-day forecast.
request_240,12474.4,not_affordable,not_recommended,none,,none,The full request cannot be completed safely within the 90-day forecast given current commitments and preferences.
request_241,21052000,affordable_with_plan,installments,2024-03-17:7298026.67|2024-04-17:7298026.67|2024-05-18:7298026.67,2024-03-03,none,"Use the 3-instalment plan starting 2024-03-17, matching the supplied payment option. This is the safest way to complete the request without breaking the minimum balance."
request_242,0,not_affordable,not_recommended,none,,none,The full request cannot be completed safely within the 90-day forecast given current commitments and preferences.
request_243,17468,affordable_now,full_payment,2026-07-07:17468,2026-07-07,none,Pay ZAR 17468 in full on 2026-07-07. This keeps the balance at or above the required minimum throughout the 90-day forecast.
request_244,49918,affordable_now,full_payment,2024-06-04:49918,2024-06-04,none,Pay ZAR 49918 in full on 2024-06-04. This keeps the balance at or above the required minimum throughout the 90-day forecast.
request_245,0,not_affordable,not_recommended,none,,none,The full request cannot be completed safely within the 90-day forecast given current commitments and preferences.
request_246,64086,affordable_with_plan,installments,2026-04-03:22216.48|2026-05-03:22216.48|2026-06-02:22216.48,2026-04-03,none,"Use the 3-instalment plan starting 2026-04-03, matching the supplied payment option. This is the safest way to complete the request without breaking the minimum balance."
request_247,1059.3,affordable_now,full_payment,2024-09-05:1059.3,2024-09-05,none,Pay EUR 1059.3 in full on 2024-09-05. This keeps the balance at or above the required minimum throughout the 90-day forecast.
request_248,1000.17,affordable_with_plan,partial_payment,2025-02-07:1000.17|2025-02-13:965.43,2025-02-13,none,"Pay USD 1000.17 on 2025-02-07, then the remaining USD 965.43 on 2025-02-13. Paying the full amount today is not safe, but this schedule completes it without breaking the minimum balance."
request_249,0,not_affordable,not_recommended,none,,none,The full request cannot be completed safely within the 90-day forecast given current commitments and preferences.
request_250,14116.96,not_affordable,not_recommended,none,,none,"Based on your request to repay ZAR 124,278 by 2025‑01‑18, the analysis shows you can safely pay only ZAR 14,116.96 and there is no feasible full‑payment option within the next 90 days, so the debt repayment is not affordable."
request_251,1513.6,not_affordable,not_recommended,none,2025-05-03,none,The full request cannot be completed safely within the 90-day forecast given current commitments and preferences.
request_252,4034188.74,affordable_later,wait,2026-09-15:28082000,2026-09-15,none,Wait until 2026-09-15 to pay the full amount. Paying today would break the required minimum balance within the 90-day forecast.
request_253,1560.77,affordable_with_plan,installments,2024-03-21:984.6|2024-04-21:984.6|2024-05-22:984.6,2024-05-15,none,"Use the 3-instalment plan starting 2024-03-21, matching the supplied payment option. This is the safest way to complete the request without breaking the minimum balance."
request_254,604.18,affordable_later,wait,2025-10-15:3535.2,2025-10-15,none,Wait until 2025-10-15 to pay the full amount. Paying today would break the required minimum balance within the 90-day forecast.
request_255,3345000,affordable_now,full_payment,2026-04-06:3345000,2026-04-06,none,Pay IDR 3345000 in full on 2026-04-06. This keeps the balance at or above the required minimum throughout the 90-day forecast.
request_256,156006.88,affordable_with_plan,installments,2024-06-10:75816|2024-07-11:75816|2024-08-11:75816,2024-07-15,none,"Use the 3-instalment plan starting 2024-06-10, matching the supplied payment option. This is the safest way to complete the request without breaking the minimum balance."
request_257,337.42,affordable_later,wait,2025-11-15:1352.4,2025-11-15,none,Wait until 2025-11-15 to pay the full amount. Paying today would break the required minimum balance within the 90-day forecast.
request_258,1113.6,affordable_now,full_payment,2026-01-07:1113.6,2026-01-07,none,Pay USD 1113.6 in full on 2026-01-07. This keeps the balance at or above the required minimum throughout the 90-day forecast.
request_259,171.62,affordable_later,wait,2024-11-15:935,2024-11-15,none,Wait until 2024-11-15 to pay the full amount. Paying today would break the required minimum balance within the 90-day forecast.
request_260,7356790.7,not_affordable,not_recommended,none,,none,The full request cannot be completed safely within the 90-day forecast given current commitments and preferences.
request_261,1830.4,affordable_now,full_payment,2026-07-03:1830.4,2026-07-03,none,Pay EUR 1830.4 in full on 2026-07-03. This keeps the balance at or above the required minimum throughout the 90-day forecast.
request_262,9236000,affordable_now,full_payment,2024-12-05:9236000,2024-12-05,none,Pay IDR 9236000 in full on 2024-12-05. This keeps the balance at or above the required minimum throughout the 90-day forecast.
request_263,0,not_affordable,not_recommended,none,,none,The full request cannot be completed safely within the 90-day forecast given current commitments and preferences.
request_264,19518.94,affordable_later,wait,2026-06-15:111300,2026-06-15,none,Wait until 2026-06-15 to pay the full amount. Paying today would break the required minimum balance within the 90-day forecast.
request_265,45970,affordable_now,full_payment,2024-03-06:45970,2024-03-06,none,Pay INR 45970 in full on 2024-03-06. This keeps the balance at or above the required minimum throughout the 90-day forecast.
request_266,760.35,affordable_with_plan,installments,2025-08-03:324.13|2025-08-31:324.13|2025-09-28:324.13,2025-09-15,none,"Use the 3-instalment plan starting 2025-08-03, matching the supplied payment option. This is the safest way to complete the request without breaking the minimum balance."
request_267,1615.77,not_affordable,not_recommended,none,2026-02-15,none,The full request cannot be completed safely within the 90-day forecast given current commitments and preferences.
request_268,994.99,affordable_with_plan,installments,2024-06-14:841.22|2024-07-15:841.22|2024-08-15:841.22,2024-07-15,none,"Use the 3-instalment plan starting 2024-06-14, matching the supplied payment option. This is the safest way to complete the request without breaking the minimum balance."
request_269,0,not_affordable,not_recommended,none,,none,The full request cannot be completed safely within the 90-day forecast given current commitments and preferences.
request_270,124.54,not_affordable,not_recommended,none,2026-09-13,none,The full request cannot be completed safely within the 90-day forecast given current commitments and preferences.
request_271,16000.62,affordable_later,wait,2024-10-15:91300,2024-10-15,none,Wait until 2024-10-15 to pay the full amount. Paying today would break the required minimum balance within the 90-day forecast.
request_272,5261848.91,affordable_with_plan,installments,2025-02-12:4709466.67|2025-03-12:4709466.67|2025-04-09:4709466.67,2025-03-15,none,"Use the 3-instalment plan starting 2025-02-12, matching the supplied payment option. This is the safest way to complete the request without breaking the minimum balance."
request_273,8316873.6,affordable_with_plan,partial_payment,2026-04-07:8316873.6|2026-04-15:7544126.4,2026-04-15,none,"Pay IDR 8316873.60 on 2026-04-07, then the remaining IDR 7544126.40 on 2026-04-15. Paying the full amount today is not safe, but this schedule completes it without breaking the minimum balance."
request_274,2247.36,affordable_with_plan,installments,2024-12-04:940.75|2025-01-04:940.75|2025-02-04:940.75,2025-01-15,none,"Use the 3-instalment plan starting 2024-12-04, matching the supplied payment option. This is the safest way to complete the request without breaking the minimum balance."
request_275,15884000,affordable_now,full_payment,2025-05-06:15884000,2025-05-06,none,"Your request for IDR 15,884,000 is affordable now, and you can make the full payment of the entire amount on the earliest date of 2025-05-06, with no spending changes needed."
